{
  "overall_metrics": {
    "global": {
      "RMSE": 0.5677783819813732,
      "MAE": 0.3870815916832658,
      "R2": 0.9999492824403057
    },
    "dual": {
      "RMSE": 0.09573350631251552,
      "MAE": 0.05572195442134485,
      "R2": 0.999998558121804
    },
    "improvement": {
      "RMSE_abs": 0.47204487566885767,
      "RMSE_pct": 83.1389307253237,
      "MAE_abs": 0.3313596372619209,
      "MAE_pct": 85.60459716541105,
      "R2_abs": 4.9275681498373025e-05
    }
  },
  "slope_wise_analysis": {
    "bins": [
      "<-10",
      "-10 to -6",
      "-6 to 0",
      "0 to 6",
      "6 to 10",
      ">10"
    ],
    "samples_per_bin": [
      11870,
      5312,
      7927,
      7984,
      5106,
      11801
    ],
    "global_rmse": [
      0.3501674901975829,
      0.29698333791593606,
      0.6488485165631762,
      0.44269033557710735,
      0.543758615388141,
      0.8121065785263374
    ],
    "dual_rmse": [
      0.0577040238830228,
      0.07429849916338666,
      0.09123861548045392,
      0.06674375422860682,
      0.06706408414368231,
      0.14981782032262028
    ],
    "improvement_pct": [
      83.52102193996845,
      74.9822667881733,
      85.93837958299927,
      84.92315082017836,
      87.66657074558512,
      81.55195090347843
    ]
  },
  "model_info": {
    "global": {
      "architecture": "64-128-64 LeakyReLU",
      "input_dim": 50000,
      "total_samples": 50000
    },
    "dual": {
      "thresholds": [
        -6,
        0
      ],
      "models_available": [
        "steep_model_path",
        "moderate_model_path"
      ],
      "model_usage": {
        "moderate": 7927,
        "steep": 42073
      }
    }
  }
}