bin_label,bin_left,bin_right,samples,global_rmse,dual_rmse,delta_rmse_global_minus_dual,delta_rmse_pct
<-10,-inf,-10.0,11870,0.3501674901975829,2.086256909847442,-1.736089419649859,-495.7882922455954
-10 to -6,-10.0,-6.0,5312,0.29698333791593606,1.5903901775655942,-1.293406839649658,-435.5149513525129
-6 to 0,-6.0,0.0,7927,0.6488485165631762,0.30990018176167594,0.3389483348015003,52.23843873402737
0 to 6,0.0,6.0,7984,0.44269033557710735,1.3455411329384277,-0.9028507973613203,-203.9463536479356
6 to 10,6.0,10.0,5106,0.543758615388141,2.091133387552889,-1.5473747721647482,-284.5701619017503
>10,10.0,inf,11801,0.8121065785263374,3.650890879927044,-2.8387843014007066,-349.5580969867297
